timestamp,program,jupyter,python_exp,pandas_skill,os,dark_mode,languages,continents,dob,wake_time,sleep_time,fav_season,caffeine,pet,fav_movie,fav_genres,hobbies,hw0
9/9/2025 17:43:09,Bachelor's (CS),Yes,Less than 1 year,2,MacOS,No,English,"Africa, Asia, Europe, North America, South America",11/15/2004,10:00:00 AM,12:00:00 AM,Spring,Tea,Pet rock,,Comedy,"tennis, movies, eating",
9/9/2025 17:44:15,Bachelor's (Statistics),Yes,1-2 years,1,MacOS,Yes,English,North America,10/21/2004,9:00:00 AM,1:00:00 AM,Fall,Coffee,Pet cat,,"Action, Comedy, Sci-Fi, Mystery/Thriller",,
9/9/2025 17:44:16,Master's (DS),Yes,4+ years,5,MacOS,Yes,,"Asia, Australia, Europe, North America",2/22/2003,11:00:00 AM,1:00:00 AM,Winter,Coffee,Pet cat,,,,
9/9/2025 17:44:32,Bachelor's (AM),Yes,2-4 years,4,MacOS,Yes,English,"Europe, North America, South America",9/23/2004,7:25:00 AM,12:00:00 AM,Summer,No caffeine for me!,Pet cat,Shawshank Redemption,"Action, Comedy, Sci-Fi","hiking, running, reading",
9/9/2025 17:44:38,Bachelor's (Chemistry),Yes,1-2 years,4,MacOS,Yes,"English, Spanish",North America,6/14/2004,8:45:00 AM,12:00:00 AM,Winter,No caffeine for me!,Pet cat,Bee Movie,"Sci-Fi, Fantasy","playing cello, basketball, playing minecraft",
9/9/2025 17:44:45,MIT master’s,Yes,2-4 years,3,MacOS,No,"English, Greek, Spanish","Europe, North America, South America",1/11/2003,9:00:00 AM,12:30:00 AM,Summer,No caffeine for me!,Pet dog,Whiplash,"Action, Comedy, Horror, Sci-Fi, Fantasy, Mystery/Thriller","Music production, padel, basketball",
9/9/2025 17:45:08,,Yes,Less than 1 year,1,MacOS,No,English,"Africa, Asia, Europe, North America, South America",12/15/2002,8:00:00 AM,12:00:00 AM,Summer,Coffee,Pet dog,,"Comedy, Drama, Mystery/Thriller, Romance, Documentary",,
9/9/2025 17:45:19,Master's (DS) [Extension School],Yes,4+ years,3,Windows,Yes,Python R SQL,"Africa, Asia, Europe, North America, South America",11/27/1985,6:00:00 AM,10:00:00 PM,Fall,Coffee,Pet dog,Home Alone,Comedy,"Cycling, hiking, traveling ",
9/9/2025 17:45:23,Master's (DS),Yes,4+ years,3,Windows,No,"English, Mandarin","Asia, Australia, North America",9/6/2000,,,Fall,No caffeine for me!,Pet dog,,,,
9/9/2025 17:45:31,HKS Master's,Yes,Less than 1 year,1,Windows,No,Korean,Asia,7/7/1990,5:40:00 AM,11:40:00 PM,Winter,Coffee,Pet rock,Interstella,"Sci-Fi, Fantasy, Mystery/Thriller","Playing golf, Weightlifting, Investment",
9/9/2025 17:45:42,Bachelor's (Statistics),No,Less than 1 year,2,MacOS,Yes,"English, Ukrainian, Russian","Africa, Asia, Europe, North America, South America",9/23/2004,8:30:00 AM,1:00:00 AM,Fall,Coffee,Pet cat,The Fault in Our Stars,"Comedy, Drama, Fantasy, Mystery/Thriller, Romance, Documentary","chess, running, walking",
9/9/2025 17:45:59,Master of Finance at MIT,Yes,2-4 years,4,MacOS,Yes,"English, Chinese","Asia, North America, South America",1/4/2002,8:00:00 AM,11:45:00 PM,Fall,Tea,Pet dog,the prestige,"Action, Comedy, Sci-Fi, Mystery/Thriller, Romance, Documentary","Video gaming, tennis, piano",
9/9/2025 17:46:42,PhD,Yes,1-2 years,2,Windows,Yes,"English, Korean","Asia, Europe, North America",10/30/1994,8:00:00 AM,1:00:00 AM,Summer,Coffee,Pet dog,,"Action, Comedy, Sci-Fi, Mystery/Thriller, Documentary",,
9/9/2025 17:46:53,Master's (DS) [Extension School],Yes,1-2 years,3,Windows,No,"English,Thai","Asia, North America",1/22/2001,7:00:00 AM,10:00:00 PM,Spring,Tea,Pet cat,Rush Hour,"Comedy, Romance","gardening,napping,camping",
9/9/2025 17:46:58,Master's (DS),Yes,1-2 years,3,MacOS,No,Mandarin English French,Asia,1/12/2002,9:30:00 AM,12:00:00 AM,Summer,No caffeine for me!,Pet cat,love actually,"Action, Drama, Sci-Fi, Fantasy, Mystery/Thriller, Romance","Reading, musicals, traveling",
9/9/2025 17:48:24,Master's (DS),No,Less than 1 year,2,MacOS,Yes,"English, Mandarin","Asia, Australia, Europe, North America",8/27/2002,7:00:00 AM,1:30:00 AM,Fall,Coffee,Pet cat,Saw,"Horror, Mystery/Thriller","Taking photos, cafe hopping, watching movie",
9/9/2025 17:49:29,Master's (DS),Yes,2-4 years,4,MacOS,Yes,"English, Latin",North America,6/2/2003,7:00:00 AM,1:00:00 AM,Spring,Energy drinks,Pet rock,The Dark Knight,"Comedy, Horror, Mystery/Thriller","Playing the piano, reading latin, weightlifting",
9/9/2025 17:49:47,Bachelor's (Statistics),Yes,1-2 years,2,Windows,Yes,"English, Tamil","Asia, Europe, North America",8/17/2005,8:30:00 AM,1:30:00 AM,Fall,Tea,Pet rock,Inside Out 2,"Horror, Mystery/Thriller, Documentary","dancing, painting, playing tetris",
9/9/2025 17:50:27,Masters in Design Studies (MDes),Yes,Less than 1 year,1,Windows,Yes,"English, Cantonese, Mandarin ","Africa, Asia, Australia, Europe, North America, South America",4/9/1993,8:30:00 AM,12:30:00 AM,Fall,Coffee,Pet dog,Eternal Sunshine of the Spotless Mind,"Comedy, Drama, Romance, Documentary","Tennis, My Dog! , Cross Stitching",
9/9/2025 17:50:37,Bachelor's (CS),Yes,4+ years,2,MacOS,Yes,"English, Mandarin","Asia, Europe, North America",3/25/2004,8:30:00 AM,12:30:00 PM,Summer,Tea,Pet dog,Tenet,"Action, Drama, Sci-Fi, Fantasy, Romance","frisbee, tennis, card games",
9/9/2025 17:50:58,Bachelor's (Statistics),Yes,1-2 years,2,MacOS,Yes,"English, Arabic",Asia,10/6/2003,8:00:00 AM,1:00:00 AM,Spring,Coffee,Pet rock,You,Mystery/Thriller,"crying, screaming, sobbing",
9/9/2025 17:51:54,Bachelor's (CS),No,1-2 years,1,MacOS,No,"English, Ukrainian, French, Russian","Asia, Europe, North America",3/10/2005,8:30:00 AM,11:00:00 AM,Spring,No caffeine for me!,Pet dog,Titanic,"Action, Comedy, Drama, Sci-Fi, Fantasy, Mystery/Thriller, Romance","reading, going on walks, playing the piano",
9/9/2025 17:51:57,Bachelor's (CS),Yes,1-2 years,2,MacOS,No,"English, Hindi","Asia, Europe, North America",9/26/2005,8:00:00 AM,11:00:00 AM,Fall,Coffee,Pet rock,Crazy Stupid Love,"Action, Comedy, Romance","Journalism, guitar, golf",
9/9/2025 17:52:18,Bachelor's (AM),No,Less than 1 year,1,MacOS,Yes,"italian, english","Africa, Asia, Europe, North America, South America",,,12:00:00 AM,Spring,Energy drinks,Pet cat,,,photography,
9/9/2025 17:54:56,Bachelor's (CS),No,1-2 years,2,MacOS,Yes,"English, Arabic","Asia, Europe, North America",8/24/2006,9:00:00 AM,2:00:00 AM,Summer,Energy drinks,Pet cat,Avengers Endgame,"Action, Horror","Tennis, Video Games, Coding",
9/9/2025 17:55:00,MIT MFin,Yes,Less than 1 year,2,MacOS,Yes,Mandarin,"Asia, Europe, North America",,8:00:00 AM,11:00:00 PM,Fall,Coffee,Pet cat,Interstellar,"Action, Comedy, Sci-Fi, Fantasy, Mystery/Thriller","Reading, playing video games, listening to music",
9/9/2025 17:55:20,Master's (DS),Yes,1-2 years,3,MacOS,No,Mandarin,"Antarctica, Asia, Europe, North America",8/9/2002,7:15:00 AM,2:00:00 AM,Fall,Coffee,Pet dog,,"Action, Comedy, Drama, Sci-Fi, Fantasy, Romance",,
9/9/2025 17:55:36,PhD,Yes,2-4 years,4,MacOS,Yes,Chinese English,"Asia, North America",12/21/2000,11:59:00 AM,2:00:00 AM,Summer,No caffeine for me!,Pet dog,Moving Castles,"Action, Sci-Fi",Piano,
9/9/2025 17:55:41,Master's (Bioinformatics),Yes,1-2 years,3,MacOS,No,"English, Chinese","Asia, Europe, North America",4/5/2003,7:00:00 AM,11:00:00 AM,Summer,Coffee,Pet cat,Charlie and the Chocolate Factory,"Comedy, Fantasy, Romance","traveling, dancing, doing work-out",
9/9/2025 17:55:54,Bachelor's (CS),Yes,2-4 years,3,MacOS,Yes,"English, Filipino","Asia, North America",7/4/2005,8:30:00 AM,1:00:00 AM,Fall,Coffee,Pet dog,La La Land,"Comedy, Drama, Horror, Sci-Fi, Mystery/Thriller, Romance, Documentary","biking, hiking, tennis",
9/9/2025 17:57:06,Bachelor's (CS),Yes,4+ years,2,MacOS,Yes,"English, Chinese, Cantonese, Malay","Asia, Australia, Europe, North America",9/30/2005,8:00:00 AM,12:30:00 AM,Fall,No caffeine for me!,Pet dog,,,,
9/9/2025 17:57:18,Master's (DS),Yes,2-4 years,5,MacOS,No,"Chinese, English","Asia, North America",7/4/2003,8:30:00 AM,12:00:00 AM,Fall,No caffeine for me!,Pet dog,,"Horror, Mystery/Thriller","crochet, music, photography",
9/9/2025 17:58:59,Bachelor's (CS),Yes,4+ years,4,Windows,Yes,"English, Thai","Asia, Australia, Europe, North America, South America",12/8/2004,8:30:00 AM,12:00:00 AM,Fall,Tea,Pet dog,EEAAO,"Action, Comedy, Drama, Sci-Fi, Mystery/Thriller","basketball, cooking, coding",
9/9/2025 18:00:20,Bachelor's (CS),Yes,2-4 years,3,MacOS,No,English,"Europe, North America",2/8/2005,7:00:00 AM,12:00:00 AM,Winter,No caffeine for me!,Pet cat,Mamma Mia,"Comedy, Drama, Fantasy","Hiking, playing guitar, reading",
9/9/2025 18:02:40,Master's (DS),Yes,2-4 years,3,Windows,Yes,"English,Chinese","Africa, Asia, Europe, North America, South America",11/6/2002,9:00:00 AM,12:00:00 AM,Spring,No caffeine for me!,Pet cat,,"Action, Horror, Sci-Fi","Scuba dive,tennis, traveling",
9/9/2025 18:02:44,MS/MBA,Yes,1-2 years,3,MacOS,Yes,"English, Mandarin, Spanish","Asia, Europe, North America, South America",2/16/2002,8:00:00 AM,1:00:00 AM,Summer,No caffeine for me!,Pet rock,Pacific Rim,"Action, Comedy, Sci-Fi","Chess, Bouldering, Ultimate Frisbee",
9/9/2025 18:03:33,Master's (DS) [Extension School],Yes,1-2 years,4,MacOS,Yes,"English, Spanish, Portuguese","North America, South America",5/5/1989,4:00:00 AM,9:00:00 PM,Summer,Energy drinks,Pet dog,Le Fabuleux Destin d'Amélie Poulain,"Comedy, Drama","woodworking, off-roading, DIY",
9/9/2025 18:04:30,Bachelor's (Statistics),Yes,2-4 years,4,MacOS,No,English,"Europe, North America",,,,,,,,,,
9/9/2025 18:04:49,Master's (DS) [Extension School],Yes,1-2 years,3,MacOS,Yes,Chinese/Taiwanese,"Africa, Asia, Australia, Europe, North America, South America",8/18/1977,5:55:00 AM,12:30:00 AM,Summer,Coffee,Pet dog,Jurassic Park,"Action, Comedy, Sci-Fi, Fantasy, Documentary","Skiing, Basketball, American Football",
9/9/2025 18:04:58,Master's (DS) [Extension School],Yes,2-4 years,3,Linux,Yes,"English, French","Europe, North America",8/21/1988,7:00:00 AM,10:45:00 PM,Fall,Tea,Pet cat,The Princess Bride,"Action, Comedy, Sci-Fi, Mystery/Thriller, Documentary","Ceramics, Computer Gaming, Singing",
9/9/2025 18:11:27,PhD,Yes,4+ years,5,MacOS,Yes,"English, Spanish","Asia, Europe, North America",4/5/2002,8:00:00 AM,11:00:00 AM,Spring,Tea,Pet dog,,"Comedy, Sci-Fi","crocheting, baking",
9/9/2025 18:13:06,Artificial Intelligence Graduate Certificate [Extension School],No,Less than 1 year,1,I use Google colab,No,"Bengali, English","Asia, Australia, Europe, North America",7/26/1972,5:30:00 AM,10:30:00 PM,Spring,Tea,Pet cat,The Message (1976 film),"Drama, Mystery/Thriller, Documentary","reading books, cooking, music",
9/9/2025 18:16:05,Master's (DS) [Extension School],Yes,4+ years,4,Windows,No,"English, Spanish, German","Asia, Europe, North America",6/22/1975,6:30:00 AM,11:30:00 AM,Winter,Coffee,Pet cat,Star Wars: Episode IV - A New Hope,"Action, Drama, Horror, Sci-Fi, Fantasy, Mystery/Thriller, Documentary","Music, Data Science, Car Detailing",
9/9/2025 18:17:11,Bachelor's (Economics),No,Less than 1 year,1,MacOS,No,"English, Chinese","Asia, Europe, North America",9/1/2004,8:00:00 AM,11:30:00 PM,Winter,No caffeine for me!,Pet dog,Good Will Hunting,Romance,"Running, skiing, watching TV",
9/9/2025 18:18:15,Master's (CSE),Yes,4+ years,4,MacOS,No,"English, French","Africa, Asia, Australia, Europe, North America, South America",12/20/2004,8:00:00 AM,11:00:00 PM,Winter,No caffeine for me!,Pet cat,,"Comedy, Sci-Fi, Fantasy, Mystery/Thriller, Romance",,
9/9/2025 18:19:23,Master's (DS) [Extension School],Yes,Less than 1 year,1,Windows,Yes,"English, French, Chinese","Asia, Europe, North America",5/5/1987,5:00:00 AM,1:00:00 AM,Fall,Tea,Pet dog,The Sound of Music,"Action, Comedy, Mystery/Thriller, Romance, Documentary","Yoga, rock climbing, reading",
9/9/2025 18:19:35,Master's (DS),Yes,2-4 years,3,MacOS,Yes,"English, Chinese, Korean","Asia, Europe, North America, South America",12/19/2002,9:00:00 AM,1:00:00 AM,Summer,Coffee,Pet dog,Lion King,"Action, Comedy, Drama, Sci-Fi, Fantasy, Mystery/Thriller, Romance, Documentary",,
9/9/2025 18:19:46,Bachelor's (CS),Yes,1-2 years,1,MacOS,Yes,Mandarin,"Asia, Europe, North America",1/24/2005,10:00:00 AM,1:00:00 AM,Summer,Energy drinks,Pet rock,,,,
9/9/2025 18:21:17,Bachelor's (CS),Yes,1-2 years,2,MacOS,No,"English, Mandarin","Asia, Australia, Europe, North America",12/25/2004,9:00:00 AM,2:00:00 AM,Summer,Coffee,Pet dog,I dont know,"Action, Comedy, Romance, Documentary","running, walking my dog, watching basketball games",
9/9/2025 18:22:11,Bachelor's (Statistics),No,2-4 years,2,MacOS,No,English,"Asia, Europe, North America",2/15/2005,8:00:00 AM,12:00:00 AM,Summer,No caffeine for me!,Pet dog,Aladdin,"Comedy, Drama, Fantasy, Romance","playing pickleball, reading, playing piano",
9/9/2025 18:22:30,Bachelor's (CS),Yes,1-2 years,1,MacOS,No,"English, Spanish","Europe, North America, South America",8/10/2004,8:00:00 AM,12:00:00 AM,Summer,Tea,Pet dog,,"Action, Comedy, Drama, Sci-Fi, Mystery/Thriller, Romance","reading, running, netflix",
9/9/2025 18:22:36,PhD,Yes,4+ years,3,Linux,Yes,"English, Arabic, Dutch, German, Italian","Asia, Europe, North America",5/30/1997,8:00:00 AM,12:12:00 AM,Fall,Coffee,Pet cat,The Grand Budapest Hotel,"Comedy, Horror, Fantasy, Arthouse","lifting weights, crochet, smoking hookah",
9/9/2025 18:23:05,mit,Yes,Less than 1 year,2,MacOS,Yes,"english, chinese, french","Asia, Australia, Europe, North America",4/24/2003,9:30:00 AM,1:00:00 AM,Spring,Coffee,Pet dog,fast and furious,"Action, Comedy","air rifle, cafe hopping, gyming",
9/9/2025 18:28:50,PhD,Yes,Less than 1 year,1,MacOS,No,"English, Danish","Europe, North America, South America",10/10/1998,9:00:00 AM,11:00:00 PM,Fall,Coffee,Pet dog,,"Comedy, Drama, Sci-Fi, Fantasy, Documentary","Gardening, hiking, aerial acrobatics",
9/9/2025 18:30:07,PhD,No,Less than 1 year,1,Windows,No,"English, Croatian, Bosnian, Serbian, Montenegrin","Asia, Europe, North America",4/17/1991,8:00:00 AM,12:00:00 AM,Summer,Coffee,Pet dog,The Shawshank Redemption,"Action, Comedy","running, learning data science, having coffee with friends",
9/9/2025 18:36:26,Bachelor's (Statistics),Yes,4+ years,3,MacOS,No,"English, Hindi, Spanish","Asia, Europe, North America, South America",5/20/2005,8:27:00 AM,1:00:00 AM,Spring,Coffee,Pet dog,Interstellar,"Action, Comedy, Sci-Fi, Fantasy, Mystery/Thriller, Romance","singing, writing, playing guitar",
9/9/2025 18:37:36,Master's (DS),Yes,1-2 years,3,MacOS,No,Chinese，English,North America,1/31/2003,8:30:00 AM,12:00:00 AM,Spring,Coffee,Pet dog,Avatar,Romance,"Travel, Watch TV series, Shopping",
9/9/2025 18:38:11,Master's (DS),Yes,1-2 years,2,Windows,Yes,Chinese ,"Asia, North America",8/11/2003,10:00:00 AM,2:00:00 AM,Spring,Coffee,Pet dog,The Dark Knight Rises ,"Sci-Fi, Documentary","Reading, bird watching, photography ",
9/9/2025 18:38:44,Bachelor's (CS),Yes,Less than 1 year,2,MacOS,No,English,"Africa, Asia, Australia, Europe, North America, South America",5/31/2004,8:00:00 AM,1:00:00 AM,Fall,Coffee,Pet dog,,,,
9/9/2025 18:38:54,Master's (DS) [Extension School],Yes,4+ years,2,Windows,Yes,English,"Asia, North America",8/25/1997,7:00:00 AM,12:00:00 AM,Fall,Coffee,Pet rock,Lost in Translation,"Action, Comedy, Sci-Fi","Piano, Guitar, Writing Poetry",
9/9/2025 18:44:00,Bachelor's (CS),Yes,4+ years,4,MacOS,Yes,"Persian, English","Asia, Europe, North America",3/29/2005,8:00:00 AM,12:00:00 AM,Fall,Energy drinks,Pet dog,Shutter Island,"Action, Drama, Sci-Fi, Mystery/Thriller, Romance","Running/walking, listening to music, trying new food",
9/9/2025 18:46:00,"Master's (DBMI, HMS)",Yes,1-2 years,3,MacOS,Yes,"Chinese, English","Asia, Europe, North America",10/24/2002,7:45:00 AM,12:00:00 AM,Fall,Coffee,Pet cat,,"Horror, Mystery/Thriller, Romance, Documentary","playing valorant, playing with my cat, cooking",
9/9/2025 18:46:15,Bachelor's (Neuroscience),Yes,2-4 years,2,MacOS,Yes,"English, Spanish","Europe, North America, South America",6/16/2004,9:30:00 AM,1:30:00 AM,Fall,Tea,Pet dog,Everything Everywhere All At Once,"Action, Comedy, Fantasy, Romance","playing guitar, painting",
9/9/2025 18:47:21,Master's (Landscape Architecture),No,Less than 1 year,1,Windows,Yes,"English, Chinese",Asia,11/10/2001,9:30:00 AM,1:00:00 AM,Winter,Coffee,Pet dog,,"Action, Comedy, Drama",,
9/9/2025 18:47:34,Master’s (CBQG),Yes,4+ years,4,MacOS,Yes,"Mandarin, English","Asia, Europe, North America",2/10/2003,8:40:00 AM,1:00:00 AM,Fall,No caffeine for me!,Pet rock,Smile 2,"Comedy, Horror","going to live concert, watching horror movies, listening to music ",
9/9/2025 18:49:08,Bachelor's (CS),Yes,4+ years,4,MacOS,Yes,"English, Krio",North America,2/13/2004,9:15:00 AM,2:00:00 AM,Summer,Energy drinks,Pet dog,Avengers: Endgame,"Action, Comedy, Drama, Mystery/Thriller, Documentary","Playing Nintendo, watching anime, spending time with friends",
9/9/2025 18:49:36,MS/MBA,Yes,Less than 1 year,2,Windows,Yes,"Swahili, Basic French","Africa, Asia, Europe, North America, South America",4/2/1995,6:00:00 AM,10:00:00 PM,Summer,Coffee,Pet cat,Groundhog Day,"Action, Comedy, Mystery/Thriller","Chess, Running, Reading",
9/9/2025 18:52:31,Master's (DS),Yes,4+ years,4,MacOS,Yes,"English, Korean, Japanese","Asia, Europe, North America",10/24/1997,8:30:00 AM,1:00:00 AM,Fall,Coffee,Pet dog,Mission Impossible series,"Action, Comedy, Drama, Romance","watching YT, going on a walk, walking my dog",
9/9/2025 18:57:50,Master's (DS),Yes,2-4 years,3,MacOS,No,"Mandarine, English","Asia, Europe, North America",12/20/2002,10:00:00 AM,2:00:00 AM,Fall,Coffee,Pet cat,Harry Potter,"Action, Comedy, Fantasy, Romance","playing tennis, playing the piano, traveling",
9/9/2025 18:57:52,PhD,Yes,1-2 years,2,MacOS,No,English,"Asia, Europe, North America",4/20/2000,6:45:00 AM,11:00:00 PM,Fall,Coffee,Pet dog,,"Action, Comedy, Drama, Romance, Documentary","skiing, running, hiking",
9/9/2025 18:58:12,Faculty ,Yes,4+ years,5,MacOS,Yes,"Greek, English ","Africa, Antarctica, Asia, Australia, Europe, North America, South America",9/10/1966,6:00:00 AM,1:00:00 AM,Winter,Coffee,Pet rock,withnail and I,,"xc skiing, road cycling and teaching ",
9/9/2025 19:03:38,,Yes,Less than 1 year,1,MacOS,Yes,,"Asia, North America",,7:30:00 AM,12:00:00 AM,Fall,No caffeine for me!,Pet dog,,"Fantasy, Romance",,
9/9/2025 19:05:23,HSE Student (taking this course only in the whole semester),Yes,2-4 years,4,MacOS,Yes,Spanish and English,North America,9/23/1999,7:00:00 AM,10:30:00 PM,Winter,Coffee,Pet dog,Demon Slayer: Infinity Castle,"Comedy, Drama, Horror, Sci-Fi, Mystery/Thriller, Romance, Documentary","hitting the gym, playing videogames, cooking",
9/9/2025 19:07:52,Master's (DS) [Extension School],Yes,2-4 years,4,MacOS,No,"German, English, Spanish","Africa, Asia, Europe, North America",10/31/1970,5:30:00 AM,10:00:00 PM,Fall,Coffee,Pet rock,2001: A Space Odyssey,"Sci-Fi, Documentary, Independent","Hiking, skiing, piano playing",
9/9/2025 19:08:55,Master's (DS),Yes,2-4 years,3,MacOS,Yes,"English, Chinese","Asia, Europe, North America, South America",3/21/2003,8:00:00 AM,2:00:00 AM,Fall,Coffee,Pet dog,Little Women (2019),"Action, Drama, Sci-Fi, Romance","swimming, watching movies, grocery shopping",
9/9/2025 19:16:15,Master's (DS) [Extension School],Yes,4+ years,4,Windows,Yes,"English, French","Africa, Asia, Australia, Europe, North America, South America",,6:30:00 AM,10:00:00 PM,Summer,Coffee,Pet dog,Pulp Fiction ,"Action, Comedy, Drama, Sci-Fi, Mystery/Thriller, Romance","Padel, Running, Fantasy Baseball",
9/9/2025 19:16:53,PhD,Yes,1-2 years,2,MacOS,Yes,Elvish,"Asia, Europe, North America",10/18/2000,9:30:00 AM,1:00:00 AM,Spring,Coffee,Pet cat,,"Action, Comedy, Sci-Fi, Documentary","dancing, cooking, hiking",
9/9/2025 19:19:29,Bachelor's (CS),Yes,4+ years,2,wsl,Yes,English,Asia,7/27/2005,8:30:00 AM,2:00:00 AM,Summer,Tea,Pet dog,"Jurassic Park, Jaws, Grease","Action, Comedy, Romance, Documentary","Coding, Reading, Fishing",
9/9/2025 19:25:05,Master's (DS),Yes,1-2 years,1,Windows,Yes,"English, Chinese","Asia, North America",6/10/2003,9:30:00 AM,12:30:00 AM,Spring,Coffee,Pet rock,Harry Potter and the Half-Blood Prince,"Action, Comedy, Drama, Horror, Sci-Fi, Fantasy, Mystery/Thriller, Romance, Documentary","FPS game (CS2, APEX legend, Valorant), watch movies, listen musics",
9/9/2025 19:26:35,Bachelor's (CS),Yes,4+ years,1,Windows,Yes,English,"Asia, North America",6/28/2005,9:30:00 AM,1:30:00 AM,Summer,No caffeine for me!,Pet dog,Hidden Figures,I don’t watch a lot of movies.,"Piano, board games, and puzzles",
9/9/2025 19:27:48,Master's (DS),Yes,2-4 years,3,MacOS,Yes,"Russian, English, Spanish","Asia, Europe, North America, South America",12/20/1994,4:30:00 AM,9:00:00 PM,Summer,Coffee,Pet cat,Mad Max: Fury Road,"Action, Drama, Sci-Fi, Fantasy, Mystery/Thriller, Documentary","submission grappling, record crate digging, reading",
9/9/2025 19:32:29,Master's (DS) [Extension School],Yes,4+ years,3,Linux,Yes,"English, Farsi, Turkish","Asia, Europe, North America",7/6/1984,7:00:00 AM,11:00:00 AM,Summer,Coffee,Pet dog,Matrix,"Action, Comedy, Drama, Sci-Fi, Mystery/Thriller","Movies, Nature, Exploration",
9/9/2025 19:40:45,PhD,Yes,2-4 years,3,Windows,Yes,"English, Spanish, ","Europe, North America",4/20/1999,6:10:00 AM,11:30:00 PM,Summer,Coffee,Pet cat,Surf's Up,"Action, Comedy, Horror, Sci-Fi, Mystery/Thriller","Music Production, Volleyball, Videogames",
9/9/2025 19:42:27,Bachelor's (CS),Yes,2-4 years,3,MacOS,Yes,"English, Mandarin","Africa, Asia, Europe, North America, South America",1/14/2004,8:30:00 AM,12:30:00 AM,Winter,No caffeine for me!,Pet dog,Interstellar,"Action, Comedy, Sci-Fi, Documentary","running, biking",
9/9/2025 19:45:23,Master's (DS) [Extension School],Yes,1-2 years,3,Windows,Yes,"Spanish, English, French","Asia, Europe, North America, South America",11/19/1991,8:30:00 AM,12:30:00 AM,Winter,Coffee,Pet dog,V for Vendetta,"Action, Comedy, Sci-Fi, Fantasy","watching videogame streams, learning a language, watching anime",
9/9/2025 19:46:18,Master's (DS),Yes,2-4 years,3,MacOS,Yes,"English, Chinese","Africa, Asia, Europe, North America",4/6/2003,7:30:00 AM,12:30:00 AM,Fall,Coffee,Pet dog,The Imitation Game,"Action, Comedy, Drama, Horror, Sci-Fi, Fantasy, Mystery/Thriller, Romance, Documentary","playing bass, video games, basketball",
9/9/2025 19:50:46,Master's (DS) [Extension School],Yes,4+ years,5,Windows,Yes,"Python,SQL, VBS","Asia, Australia, North America",4/8/1991,,12:00:00 AM,Spring,Coffee,Pet cat,"Godfather I, II, III","Comedy, Sci-Fi, Fantasy, Mystery/Thriller","Camping, Fishing, Cooking",
9/9/2025 19:52:21,Master's (MDes) ,Yes,Less than 1 year,2,MacOS,Yes,"English, Mandarin","Asia, Europe, North America",4/7/2000,7:30:00 AM,12:00:00 PM,Spring,Coffee,Pet cat,PERFECT BLUE,Drama,"playing volleyball, painting, reading books",
9/9/2025 19:56:17,Bachelor's (CS),Yes,1-2 years,1,MacOS,Yes,English,"Europe, North America",3/3/2004,8:00:00 AM,12:00:00 AM,Winter,No caffeine for me!,Pet dog,Tenet,"Action, Comedy, Drama, Sci-Fi, Fantasy, Mystery/Thriller","reading, eating, writing",
9/9/2025 19:56:42,Bachelor's (CS),Yes,2-4 years,3,MacOS,No,"English, Chinese","Asia, Europe, North America",2/9/2004,9:50:00 AM,1:45:00 AM,Fall,Tea,Pet dog,,,,
9/9/2025 19:57:27,Master's (MDE),No,Less than 1 year,1,MacOS,Yes,"Spanish, English","Europe, North America, South America",12/6/1994,6:00:00 AM,11:00:00 AM,Summer,Coffee,Pet dog,Soul,"Drama, Sci-Fi, Romance, Documentary","Going to the gym, reading, walking ",
9/9/2025 19:58:29,Bachelor's (BME),Yes,Less than 1 year,2,MacOS,No,"English, Spanish","Europe, North America, South America",7/1/2005,8:00:00 AM,12:30:00 AM,Fall,Coffee,Pet dog,Se7en,"Action, Comedy, Drama, Sci-Fi","running, snorkeling, reading",
9/9/2025 19:58:48,Bachelor's (CS),Yes,2-4 years,2,Windows,Yes,"English, Hindi","Asia, North America",6/1/2001,6:00:00 AM,10:00:00 PM,Winter,Tea,Pet rock,TV show - Suits,"Comedy, Documentary","Learning, Learning and Implementing",
9/9/2025 20:01:55,Bachelor's (CS),Yes,1-2 years,3,MacOS,Yes,"English, Spanish","Europe, North America, South America",9/30/2003,10:00:00 AM,2:00:00 AM,Spring,Coffee,Pet dog,Valerian and the City of a Thousand Planets,"Drama, Horror, Mystery/Thriller, Romance","musical theatre, singing, journaling ",
9/9/2025 20:08:44,Bachelor's (Statistics),Yes,2-4 years,2,MacOS,Yes,English,"North America, South America",4/3/2006,8:30:00 AM,1:00:00 AM,Spring,No caffeine for me!,Pet dog,,,,
9/9/2025 20:10:06,"Bachelor's (not CS, AM, or Statistics)",Yes,2-4 years,3,MacOS,No,"English, Spanish, Marathi","Asia, Europe, North America",,,,Spring,Tea,Pet rock,,,,
9/9/2025 20:10:40,Master's (DS) [Extension School],Yes,4+ years,3,Windows,Yes,"English, Arabic, Malayalam","Africa, Asia, Europe, North America",4/14/1999,10:00:00 AM,2:00:00 AM,Fall,Coffee,Pet rock,Interstellar,"Action, Comedy, Drama, Sci-Fi, Fantasy, Mystery/Thriller, Documentary","Guitar, video games, weightlifting",
9/9/2025 20:16:19,Bachelor's (CS),Yes,2-4 years,3,MacOS,Yes,"English, Spanish","Europe, North America",5/28/2005,10:00:00 AM,2:00:00 AM,Fall,Energy drinks,Pet cat,Yesterday,"Action, Comedy, Sci-Fi, Fantasy, Mystery/Thriller",Listening to music,
9/9/2025 20:19:09,PhD,Yes,1-2 years,3,Windows,Yes,English,"Europe, North America, South America",,8:30:00 AM,12:30:00 AM,Summer,Coffee,Pet rock,,"Comedy, Drama, Romance, Documentary",,
9/9/2025 20:20:21,Bachelor's (CS),Yes,2-4 years,3,Windows,Yes,"English, Latin","Asia, Europe, North America, South America",,9:00:00 AM,12:00:00 AM,Spring,No caffeine for me!,Pet dog,The Lion King,"Action, Sci-Fi, Fantasy, Documentary",,
9/9/2025 20:22:29,Bachelor's (CS),Yes,4+ years,4,MacOS,Yes,"Bulgarian, English, German","Asia, Europe, North America",5/3/2004,9:30:00 AM,2:00:00 AM,Spring,No caffeine for me!,Pet cat,Hunger Games,"Action, Sci-Fi, Mystery/Thriller","ski, volleyball, hiking",
9/9/2025 20:22:34,Master's (DS),Yes,2-4 years,3,MacOS,Yes,"Chinese, English","Asia, Australia, North America",12/17/2003,9:00:00 AM,12:00:00 AM,Winter,Coffee,Pet rock,Midsommar,"Horror, Sci-Fi, Fantasy, Mystery/Thriller, Documentary","nightdreaming, daydreaming, going on a Jet2holiday(cuz nothing beats it)",
9/9/2025 20:27:24,Bachelor's (AM),No,1-2 years,1,MacOS,Yes,Idk,"Asia, Australia, Europe, North America",2/23/2005,9:20:00 AM,12:00:00 AM,Summer,No caffeine for me!,Pet dog,Point Break,"Action, Comedy, Sci-Fi, Fantasy, Mystery/Thriller","surfing, hydrofoiling, golf",
9/9/2025 20:28:40,Bachelor's (AM),Yes,1-2 years,1,MacOS,Yes,,,,,,,,,,,,
9/9/2025 20:30:26,Bachelor's (AM),Yes,2-4 years,3,Windows,Yes,"English, Italian, French, Spanish","Africa, Asia, Europe, North America",11/17/2004,8:00:00 AM,11:00:00 PM,Spring,Coffee,Pet cat,Fury,"Action, Comedy, Drama, Horror, Sci-Fi, Fantasy, Mystery/Thriller, Romance, Documentary","Chess, Photography, Talking to People",
9/9/2025 20:31:27,Master's (DS),Yes,Less than 1 year,1,Windows,Yes,"English, Mandarin ","Africa, Asia, Australia, Europe, North America",7/9/2002,7:30:00 AM,12:30:00 AM,Spring,Coffee,Pet dog,Green Snake ,"Action, Fantasy","Reading, video games, writing ",
9/9/2025 20:32:12,Master's (DS),Yes,2-4 years,4,Windows,No,"English, Chinese","Asia, North America",12/10/2002,9:00:00 AM,1:00:00 AM,Fall,No caffeine for me!,Pet cat,,"Action, Romance","music, photography, traveling",
9/9/2025 20:34:16,Master's (DS),Yes,2-4 years,3,MacOS,No,"English, Mandarin","Asia, North America",9/13/2002,9:30:00 AM,1:30:00 AM,Summer,Coffee,Pet dog,The Shawshank Redemption,"Action, Comedy","Dancing, Gaming, Playing Texas Hold'em",
9/9/2025 20:36:02,Master of Finance MIT,Yes,Less than 1 year,3,MacOS,Yes,English,"Africa, Asia, Australia, Europe, North America, South America",7/18/1996,7:30:00 AM,1:00:00 AM,Summer,Coffee,Pet dog,Interstellar,Mystery/Thriller,"Hiking, Travelling, Movies",
9/9/2025 20:39:15,PhD,Yes,Less than 1 year,2,MacOS,No,"English, Mandarin, Spanish","Asia, Europe, North America",7/30/2001,9:00:00 AM,1:00:00 AM,Fall,Tea,Pet rock,,"Comedy, Documentary",baking,
9/9/2025 20:46:58,MS in Biomedical Informatics,Yes,Less than 1 year,2,MacOS,No,"Mandarin, English","Asia, Europe, North America",11/23/2002,8:30:00 AM,12:00:00 AM,Fall,Tea,Pet cat,Perfect Days ,"Drama, Sci-Fi, Mystery/Thriller, Romance","Taking photos, Attending concert, watching movies",
9/9/2025 20:56:43,Master's (DS) [Extension School],Yes,4+ years,4,Linux,Yes,"English, Tagalog, Spanish","Asia, Europe, North America, South America",8/22/1994,7:30:00 AM,12:00:00 AM,Fall,Coffee,Pet rock,Back to the Future,"Action, Comedy, Horror, Sci-Fi, Documentary","baking, learning languages",
9/9/2025 20:57:26,Master's (DS),Yes,1-2 years,2,MacOS,No,Mandarin,"Asia, North America",4/21/2003,9:30:00 AM,1:00:00 AM,Fall,Coffee,Pet cat,Infernal Affairs,"Action, Comedy, Fantasy, Mystery/Thriller","playing table tennis, walking, reading",
9/9/2025 20:59:28,MS/MBA,Yes,1-2 years,2,MacOS,No,"English, Chinese","Africa, Asia, Australia, Europe, North America, South America",5/28/2002,7:30:00 AM,12:30:00 AM,Summer,Coffee,Pet cat,Yi yi,"Drama, Sci-Fi","Boardgame, Singing, Swinging",
9/9/2025 21:00:32,Bachelor's (AM),Yes,2-4 years,1,Windows,Yes,"English, Akan, Japanese, Spanish, French","Africa, North America",11/20/2004,8:30:00 AM,12:00:00 AM,Spring,No caffeine for me!,Pet rock,Jigsaw,"Horror, Sci-Fi, Romance","Video Games, Running",
9/9/2025 21:05:55,MUP,Yes,Less than 1 year,2,Windows,Yes,"Spanish, French, English","Africa, Asia, Europe, North America, South America",12/9/2000,9:00:00 AM,11:00:00 PM,Spring,Coffee,Pet dog,Moulin Rouge,"Comedy, Drama, Romance","photography, reading, traveling",
9/9/2025 21:16:42,Bachelor's (Chem/Phys + HDRB),Yes,Less than 1 year,3,MacOS,Yes,English,"Africa, Asia, Europe, North America, South America",5/30/2005,8:15:00 AM,12:30:00 AM,Summer,Coffee,Pet dog,Harry Potter and the Prisoner of Azkaban,"Action, Comedy, Horror, Sci-Fi, Fantasy, Mystery/Thriller","cycling, lifting, philosophy",
9/9/2025 21:21:58,Bachelor's (CS),Yes,1-2 years,2,MacOS,No,English,"Africa, Asia, Europe, North America",6/14/2003,9:00:00 AM,12:00:00 AM,Summer,No caffeine for me!,Pet cat,Creed II,"Action, Comedy, Romance","Reading, crochet, knitting",
9/9/2025 21:23:08,Bachelor's (Econ),Yes,Less than 1 year,2,MacOS,Yes,"English, Chinese","Asia, Europe, North America, South America",11/28/2005,9:00:00 AM,12:28:00 AM,Summer,Tea,Pet dog,Ocean's 11,"Action, Comedy, Drama","Playing saxophone, watching sports, playing video games",
9/9/2025 21:30:17,Master's (DS) [Extension School],Yes,4+ years,5,MacOS,Yes,English,"Asia, Europe, North America, South America",12/24/1988,5:00:00 AM,9:00:00 PM,Fall,Coffee,Pet rock,Inception,"Comedy, Drama, Mystery/Thriller, Romance, Documentary","running, strength training, reading",
9/9/2025 21:36:01,Master's (DS),Yes,1-2 years,4,MacOS,No,"English, Mandarin","Antarctica, Asia, Europe, North America",8/22/2003,6:00:00 AM,11:20:00 PM,Summer,Coffee,Pet dog,Titanic,Romance,"piano, photography, food",
9/9/2025 21:48:05,Master's (DS) [Extension School],Yes,4+ years,4,MacOS,No,English,"Asia, Europe, North America",5/18/1978,5:00:00 AM,9:30:00 PM,Spring,Coffee,Pet rock,Bond,"Action, Comedy, Drama, Mystery/Thriller, Documentary","Watching movies, walking ,driving",
9/9/2025 21:58:45,Bachelor's (CS),Yes,1-2 years,2,Windows,Yes,"Chinese, English","Asia, North America",2/8/2006,10:00:00 AM,1:30:00 AM,Fall,No caffeine for me!,Pet dog,interstellar,"Action, Sci-Fi, Fantasy, Mystery/Thriller","running, basketball, reading, writing",
9/9/2025 22:02:28,Bachelor's (AM),Yes,Less than 1 year,1,MacOS,No,"Spanish, Quechua, Portuguese","Asia, Europe, North America, South America",6/13/2005,9:00:00 AM,12:00:00 AM,Winter,Coffee,Pet cat,Superman,"Horror, Fantasy, Romance, Documentary","baking, reading, boxing",
9/9/2025 22:09:26,Non-degree extension student for graduate credit,Yes,Less than 1 year,1,"Use WSL at work, macOS at home so I suppose all three?",No,"English, Malayalam","Asia, North America",10/10/1998,6:00:00 AM,10:00:00 PM,Spring,Energy drinks,Pet cat,Shrek,"Action, Comedy, Sci-Fi, Fantasy, Mystery/Thriller","Working out, Kamen Rider",
9/9/2025 22:10:49,Bachelor's (Statistics),Yes,4+ years,4,MacOS,Yes,"English, Spanish, Bangla","Asia, Europe, North America",5/18/2004,6:00:00 AM,10:30:00 PM,Fall,Coffee,Pet cat,3 Idiots,"Sci-Fi, Fantasy, Mystery/Thriller","Reading, crocheting",
9/9/2025 22:15:45,Master's (DS),Yes,Less than 1 year,1,MacOS,No,"Mandarin, English","Asia, Europe, North America",3/9/2003,9:00:00 AM,1:00:00 AM,Spring,Coffee,Pet cat,Five Feet Apart,"Comedy, Drama, Fantasy, Romance","playing drums, swimming, traveling",
9/9/2025 22:17:05,MS/MBA,Yes,2-4 years,2,MacOS,Yes,"English, Chinese",Asia,1/23/2003,,,Spring,No caffeine for me!,,,"Drama, Horror, Sci-Fi, Mystery/Thriller",,
9/9/2025 22:26:53,Master's (DS),Yes,2-4 years,4,Windows,Yes,"Chinese, English, Spanish","Asia, Europe, North America",2/22/2003,8:00:00 AM,11:45:00 PM,Spring,Coffee,Pet dog,intersteller,"Action, Sci-Fi","cooking, playing billiards, listening to EDM",
9/9/2025 22:27:36,Bachelor's (CS),Yes,2-4 years,2,MacOS,No,"English, Czech, Tamil","Africa, Asia, Australia, Europe, North America, South America",5/9/2006,9:00:00 AM,2:00:00 AM,Fall,Coffee,Pet dog,The Dark Knight,"Action, Comedy, Sci-Fi, Fantasy, Mystery/Thriller","playing Carnatic (indian classical) flute, ping pong, badminton",
9/9/2025 22:29:30,Bachelor's (Statistics),Yes,1-2 years,2,MacOS,No,"English, Spanish","Europe, North America",2/2/2004,5:00:00 AM,10:30:00 PM,Summer,Energy drinks,Pet dog,Secretariat,"Comedy, Drama, Romance, Documentary","Rowing, Coding, Lifting",
9/9/2025 22:33:05,Bachelor's (CS),No,4+ years,1,MacOS,Yes,"French, English, Arabic","Africa, Europe, North America",8/6/2002,5:00:00 AM,12:00:00 AM,Summer,No caffeine for me!,Pet dog,,"Sci-Fi, Documentary","Hiking, Extreme sport, video games",
9/9/2025 22:33:39,Bachelor's (CS),No,1-2 years,2,MacOS,No,"Hindi, English","Asia, Europe, North America",9/25/2005,8:00:00 AM,12:00:00 AM,Fall,Coffee,Pet rock,Crazy Stupid Love,"Action, Comedy, Romance","Guitar, golf, writing ",
9/9/2025 22:33:46,Bachelor's (Statistics),Yes,2-4 years,4,MacOS,Yes,"English, Korean, Mandarin, Latin","Africa, Asia, Europe, North America, South America",5/6/2004,9:00:00 AM,11:00:00 PM,Summer,Coffee,Pet dog,The Dark Knight,"Action, Comedy, Drama, Sci-Fi, Fantasy, Mystery/Thriller","Chess, fencing, cooking",
9/9/2025 22:34:46,Bachelor's (AM),Yes,1-2 years,2,Windows,Yes,"English, Ndebele","Africa, South America",12/13/2002,8:00:00 AM,12:00:00 AM,Spring,Tea,Pet cat,The Roses,"Comedy, Drama, Mystery/Thriller","Crochet, Watching movies",
9/9/2025 22:38:36,Master's (DS) [Extension School],Yes,1-2 years,3,Linux,Yes,English,"Europe, North America, South America",3/18/1992,6:30:00 AM,10:00:00 PM,Fall,Coffee,Pet dog,The Lorax,Documentary,"Cycling, Running, Camping",
9/9/2025 22:49:10,Master's (DS) [Extension School],Yes,4+ years,3,MacOS,Yes,"Igbo, English, Hausa, Yoruba","Africa, Europe, North America",3/25/1977,5:30:00 AM,11:00:00 PM,Summer,Coffee,Pet dog,Lioness,"Action, Horror, Sci-Fi, Mystery/Thriller","Soccer, Ping Pong, Swimming",
9/9/2025 23:05:04,Master's (DS) [Extension School],No,2-4 years,3,Linux,Yes,"Spanish, English","Asia, North America, South America",7/21/1983,8:00:00 AM,12:00:00 AM,Winter,Coffee,Pet dog,Matrix,"Action, Sci-Fi, Fantasy, Mystery/Thriller","Playing piano or playing drums, video games (PC)",
9/9/2025 23:15:23,Bachelor's (CS),No,Less than 1 year,1,MacOS,Yes,"Spanish, English, Basque","Asia, Europe, North America",4/30/2006,7:00:00 AM,12:00:00 AM,Winter,Coffee,Pet dog,Interestellar,"Action, Comedy, Mystery/Thriller, Documentary","Speedcubing, Running, movies",
9/9/2025 23:15:34,Master’s (CBQG),Yes,2-4 years,3,MacOS,Yes,"Mandarin, English","Asia, Europe, North America, South America",3/1/2002,9:30:00 AM,2:00:00 AM,Spring,Coffee,Pet cat,La La Land,"Drama, Horror, Sci-Fi, Fantasy, Mystery/Thriller, Romance","Dancing, fitness, skiing",
9/9/2025 23:18:35,Bachelor's (AM),No,1-2 years,2,MacOS,Yes,English,North America,2/13/2005,9:00:00 AM,1:00:00 AM,Summer,No caffeine for me!,Pet rock,Django Unchained,"Action, Comedy, Romance, Documentary","Scrapbooking, Upcycling, Listening to Music",
9/9/2025 23:26:05,Bachelor's (Statistics),Yes,4+ years,4,MacOS,Yes,"Spanish, English","Europe, North America, South America",4/1/2003,10:00:00 AM,1:00:00 AM,Spring,Energy drinks,Pet dog,Surfs Up,"Action, Comedy, Drama, Sci-Fi, Fantasy, Romance, Documentary","Catan, Music, Sports",
9/9/2025 23:27:23,Bachelor's (Statistics),Yes,2-4 years,4,Linux,Yes,"English, Korean","Asia, Europe, North America",11/20/2005,9:30:00 AM,11:30:00 AM,Fall,No caffeine for me!,Pet cat,Dodgeball,"Action, Comedy, Mystery/Thriller","Playing sports, watching sports, talking about sports",
9/9/2025 23:29:59,Bachelor's (AM),Yes,Less than 1 year,1,Windows,Yes,"English, Chinese","Asia, Europe, North America",5/10/2004,9:45:00 AM,3:00:00 AM,Winter,No caffeine for me!,Pet dog,Interstellar,"Action, Comedy, Drama, Horror, Sci-Fi, Fantasy, Mystery/Thriller, Romance, Documentary","Watching football, playing chess, playing basketball",
9/9/2025 23:31:53,Bachelor's (AM),Yes,Less than 1 year,1,MacOS,Yes,"English, Mandarin","Asia, North America",4/6/2004,9:30:00 AM,12:30:00 AM,Fall,No caffeine for me!,Pet dog,La La Land,"Action, Comedy, Sci-Fi, Fantasy, Mystery/Thriller","poker, running, basketball",
9/9/2025 23:33:19,Bachelor's (CS),No,1-2 years,1,MacOS,Yes,"English, Spanish","Europe, North America",10/22/2003,9:45:00 AM,1:30:00 AM,Fall,Coffee,Pet cat,"Paris, Texas","Action, Comedy, Drama, Sci-Fi","photography, playing drums, playing chess",
9/9/2025 23:37:06,Bachelor's (CS),Yes,1-2 years,1,MacOS,No,Mandarin,Asia,6/22/2004,10:00:00 AM,1:00:00 AM,Summer,No caffeine for me!,Pet rock,Train to Busan,Romance,"kpop dance, watching kdramas, walking",
9/9/2025 23:37:21,Bachelor's (CS),Yes,1-2 years,3,MacOS,Yes,English,"Asia, Europe, North America",9/21/2006,8:00:00 AM,2:00:00 AM,Fall,Coffee,Pet cat,Whiplash,"Action, Comedy, Sci-Fi, Mystery/Thriller, Romance, Documentary","playing ping pong, memorizing flags, playing cards",
9/9/2025 23:37:34,Bachelor's(Economics),No,Less than 1 year,2,MacOS,Yes,English,"Africa, Asia, Europe, North America, South America",1/25/2005,10:00:00 AM,2:00:00 AM,Fall,Tea,Pet dog,Hunger Games,"Action, Drama, Horror, Sci-Fi, Romance","Fencing, baking, trying new foods",
9/9/2025 23:38:05,Bachelor's (AM),Yes,1-2 years,3,Windows,Yes,"English, German, Mandarin","Asia, Europe, North America",11/17/2006,8:30:00 AM,1:00:00 AM,Fall,Coffee,Pet cat,Little Women (2019),"Drama, Fantasy, Mystery/Thriller, Romance","knitting, journaling, watching TV",
9/9/2025 23:40:34,PhD,Yes,Less than 1 year,1,MacOS,Yes,English,Europe,4/7/1988,9:00:00 AM,1:00:00 AM,Summer,No caffeine for me!,Pet dog,Get Out,"Comedy, Documentary","Yoga, strength training, running",
9/9/2025 23:41:33,Bachelor's (Statistics),Yes,1-2 years,2,MacOS,Yes,"English, Chinese","Asia, Europe, North America",5/11/2006,9:00:00 AM,12:30:00 AM,Fall,Coffee,Pet dog,,"Action, Drama, Mystery/Thriller, Documentary","playing basketball, spending time with friends, hiking",
9/10/2025 0:14:57,Master's (DS),Yes,4+ years,3,MacOS,No,"Chinese, English","Asia, Australia, North America",5/29/2002,9:30:00 AM,1:30:00 AM,Winter,Coffee,Pet dog,Let the Bullets Fly,"Action, Comedy, Sci-Fi","snowboarding, playing badminton, making money",
9/10/2025 0:45:59,Master's (DS) [Extension School],Yes,Less than 1 year,3,MacOS,No,"English, Tamil, Hindi","Asia, Europe, North America, South America",10/19/1974,7:00:00 AM,12:30:00 AM,Fall,Coffee,Pet rock,The Shawshank Redemption,"Action, Comedy, Drama, Sci-Fi, Mystery/Thriller, Romance",,
9/10/2025 0:53:31,Bachelor's (Statistics),Yes,Less than 1 year,1,MacOS,Yes,"English, Gujarati","Europe, North America",9/17/2004,8:00:00 AM,12:00:00 AM,Summer,No caffeine for me!,Pet dog,Pursuit of Happiness,"Action, Comedy, Sci-Fi, Mystery/Thriller, Documentary","basketball, hiking, gym",
9/10/2025 1:01:34,Bachelor's (AM),Yes,1-2 years,3,MacOS,Yes,"English, Mandarin, German, French, Spanish","Africa, Asia, Australia, Europe, North America, South America",9/9/2006,7:30:00 AM,1:00:00 AM,Fall,Tea,Pet rock,Dune,"Comedy, Sci-Fi, Documentary","playing violin, playing squash, reading",
9/10/2025 1:08:22,Master's (DS) [Extension School],Yes,1-2 years,3,MacOS,Yes,"English, Chinese","Asia, Europe, North America",8/20/2000,8:00:00 AM,12:00:00 PM,Fall,Coffee,Pet dog,The Dark Knight,"Action, Comedy, Drama, Romance, Documentary","Snowboarding, travelling around new places, reading public health papers(yes it's a very nerdy hobby and I love it)",
9/10/2025 1:17:10,PhD,Yes,Less than 1 year,1,Windows,Yes,"English, Vietnamese","Asia, Australia, Europe, North America",3/19/2002,10:00:00 AM,2:00:00 AM,Fall,No caffeine for me!,Pet dog,Interstellar,"Action, Comedy, Sci-Fi","cooking, cycling, reading",
9/10/2025 1:36:39,Bachelor's (Statistics),No,Less than 1 year,3,MacOS,Yes,"Armenian, Russian, French","Africa, Asia, Europe, North America",10/26/2005,8:40:00 AM,12:30:00 AM,Summer,Coffee,Pet cat,Whiplash,"Action, Comedy, Documentary","Boxing, guitar, russian memes",
9/10/2025 1:38:39,PhD,No,Less than 1 year,1,MacOS,Yes,"English, Mandarin Chinese","Africa, Asia, Australia, Europe, North America, South America",8/24/1997,9:00:00 AM,1:30:00 AM,Spring,No caffeine for me!,Pet rock,,"Comedy, Drama, Mystery/Thriller, Romance","drawing, reading, playing board games",
9/10/2025 1:51:26,Bachelor's (Math),Yes,Less than 1 year,3,MacOS,No,"English, Romanian, Russian","Africa, Asia, Europe, North America",6/18/2003,9:30:00 AM,2:00:00 AM,Spring,Tea,Pet rock,,"Sci-Fi, Fantasy, Mystery/Thriller","hiking/walking, photography",
9/10/2025 2:05:44,Master's (DS) [Extension School],Yes,Less than 1 year,1,MacOS,Yes,"English, kannada, hindi","Asia, North America",,,,,Coffee,,,,,
